Name,Height,Weight,Team,Age, Salary ,Points,Blocks,Steals,Assists,Rebounds,FT%,FG3%,FG%,Avg MP,Games,PER
Zhou Qi,85,210,Houston Rockets,23," 506,134 ",2,0,0,0,0,,,1,1,1,80.4
Trevon Duval,74,189,,20, - ,1.7,0,0,0.7,0.3,,1,0.667,2,3,38.3
Gary Payton II,75,190,Washington Wizards,26," 85,458 ",3.7,0.3,1,1.3,0.7,,0.5,0.625,5.3,3,36.9
Alan Williams,80,265,,26, - ,3.6,0,0.2,0.6,3.8,0.5,0,0.615,5.2,5,32.9
Giannis Antetokounmpo,83,242,Milwaukee Bucks,24," 24,157,304 ",27.7,1.5,1.3,5.9,12.5,0.729,0.256,0.578,32.8,72,30.9
Troy Caupain,76,210,,23, - ,2.5,0,0.3,1,0.8,,0.667,0.5,4,4,30.7
James Harden,77,220,Houston Rockets,29," 30,431,854 ",36.1,0.7,2,7.5,6.6,0.879,0.368,0.442,36.8,78,30.6
Anthony Davis,82,253,New Orleans Pelicans,25," 25,434,263 ",25.9,2.4,1.6,3.9,12,0.794,0.331,0.517,33,56,30.3
Jordan Sibert,76,187,Atlanta Hawks,26," 47,371 ",3,0,0,0,0,,1,1,4,1,29.7
Nikola Jokic,84,250,Denver Nuggets,23," 24,605,181 ",20.1,0.7,1.4,7.3,10.8,0.821,0.307,0.511,31.3,80,26.3
Karl-Anthony Towns,84,248,Minnesota Timberwolves,23," 7,839,435 ",24.4,1.6,0.9,3.4,12.4,0.836,0.4,0.518,33.1,77,26.3
Joel Embiid,84,250,Philadelphia 76ers,24," 25,467,250 ",27.5,1.9,0.7,3.7,13.6,0.804,0.3,0.484,33.7,64,26.1
Kawhi Leonard,79,230,Toronto Raptors,27," 23,114,067 ",26.6,0.4,1.8,3.3,7.3,0.854,0.371,0.496,34,60,25.8
LeBron James,80,250,Los Angeles Lakers,34," 35,654,150 ",27.4,0.6,1.3,8.3,8.5,0.665,0.339,0.51,35.2,55,25.6
Nikola Vucevic,84,260,Orlando Magic,28," 12,750,000 ",20.8,1.1,1,3.8,12,0.789,0.364,0.518,31.4,80,25.5
Rudy Gobert,85,245,Utah Jazz,26," 23,241,573 ",15.9,2.3,0.8,2,12.9,0.636,,0.669,31.8,81,24.6
Stephen Curry,75,190,Golden State Warriors,30," 37,457,154 ",27.3,0.4,1.3,5.2,5.3,0.916,0.437,0.472,33.8,69,24.4
Jonas Valanciunas,84,265,Memphis Grizzlies,26," 16,539,326 ",15.6,1.1,0.4,1.4,8.6,0.795,0.292,0.559,22.3,49,24.4
Kyrie Irving,75,193,Boston Celtics,26," 20,099,189 ",23.8,0.5,1.5,6.9,5,0.873,0.401,0.487,33,67,24.3
Kevin Durant,81,240,Golden State Warriors,30," 30,000,000 ",26,1.1,0.7,5.9,6.4,0.885,0.353,0.521,34.6,78,24.2
Boban Marjanovic,87,290,Philadelphia 76ers,30," 7,000,000 ",7.3,0.5,0.3,0.9,4.6,0.748,0.4,0.615,11.7,58,24.2
Clint Capela,82,240,Houston Rockets,24," 15,293,104 ",16.6,1.5,0.7,1.4,12.7,0.636,,0.648,33.6,67,23.8
Damian Lillard,75,195,Portland Trail Blazers,28," 27,977,689 ",25.8,0.4,1.1,6.9,4.6,0.912,0.369,0.444,35.5,80,23.7
Hassan Whiteside,84,265,Miami Heat,29," 25,434,263 ",12.3,1.9,0.6,0.8,11.3,0.449,0.125,0.571,23.3,72,23.5
Andre Drummond,83,279,Detroit Pistons,25," 25,434,263 ",17.3,1.7,1.7,1.4,15.6,0.59,0.132,0.533,33.5,79,23.4
Montrezl Harrell,80,240,Los Angeles Clippers,25," 6,000,000 ",16.6,1.3,0.9,2,6.5,0.643,0.176,0.615,26.3,82,23.4
Jusuf Nurkic,84,275,Portland Trail Blazers,24," 11,111,111 ",15.6,1.4,1,3.2,10.4,0.773,0.103,0.508,27.4,72,23.4
Paul George,81,220,Oklahoma City Thunder,28," 30,560,700 ",28,0.4,2.2,4.1,8.2,0.839,0.386,0.438,36.9,77,23.3
LaMarcus Aldridge,83,260,San Antonio Spurs,33," 22,347,015 ",21.3,1.3,0.5,2.4,9.2,0.847,0.238,0.519,33.2,81,22.9
JaKarr Sampson,81,214,Chicago Bulls,25," 88,531 ",20,0.8,1,1,8,0.81,0.357,0.537,31.8,4,22.5
Enes Kanter,83,250,New York Knicks,26," 18,622,514 ",13.7,0.4,0.5,1.7,9.8,0.787,0.294,0.549,24.5,67,22.3
Chris Boucher,82,200,Toronto Raptors,26," 457,418 ",3.3,0.9,0.2,0.1,2,0.867,0.324,0.447,5.8,28,22.2
Scott Machado,73,205,Los Angeles Lakers,28," 47,371 ",2.5,0,0.3,0.8,0,1,1,0.667,4.8,4,22.2
Mitchell Robinson,85,240,New York Knicks,20," 1,485,440 ",7.3,2.4,0.8,0.6,6.4,0.6,,0.694,20.6,66,22
Domantas Sabonis,83,240,Indiana Pacers,22," 2,659,800 ",14.1,0.4,0.6,2.9,9.3,0.715,0.529,0.59,24.8,74,21.9
Christian Wood,82,214,New Orleans Pelicans,23," 1,512,601 ",8.2,0.5,0.3,0.4,4,0.732,0.346,0.521,12,21,21.9
John Collins,82,235,Atlanta Hawks,21," 2,299,080 ",19.5,0.6,0.4,2,9.8,0.763,0.348,0.56,30,61,21.8
Derrick Favors,82,265,Utah Jazz,27," 16,900,000 ",11.8,1.4,0.7,1.2,7.4,0.675,0.218,0.586,23.2,76,21.8
JaVale McGee,84,270,Los Angeles Lakers,31," 2,393,887 ",12,2,0.6,0.7,7.5,0.632,0.083,0.624,22.3,75,21.8
Kemba Walker,73,184,Charlotte Hornets,28," 12,000,000 ",25.6,0.4,1.2,5.9,4.4,0.844,0.356,0.434,34.9,82,21.7
Kenneth Faried,80,220,Brooklyn Nets,29," 13,764,045 ",10.4,0.6,0.5,0.5,6.8,0.646,0.32,0.589,19.7,37,21.6
R.J. Hunter,77,185,,25, - ,17,0,1,3,3,0.5,0.4,0.462,26,1,21.5
Mike Conley,73,175,Memphis Grizzlies,31," 30,521,116 ",21.1,0.3,1.3,6.4,3.4,0.845,0.364,0.438,33.5,70,21.4
DeMarcus Cousins,83,270,Golden State Warriors,28," 5,337,000 ",16.3,1.5,1.3,3.6,8.2,0.736,0.274,0.48,25.7,30,21.4
Lou Williams,73,175,Los Angeles Clippers,32," 8,000,000 ",20,0.1,0.8,5.4,3,0.876,0.361,0.425,26.6,75,21.2
Amile Jefferson,81,222,,25, - ,2.3,0.3,0.3,0.3,1.8,0.875,,0.625,5.7,12,21.1
Russell Westbrook,75,200,Oklahoma City Thunder,30," 35,654,150 ",22.9,0.5,1.9,10.7,11.1,0.656,0.29,0.428,36,73,21.1
Thomas Bryant,83,248,Washington Wizards,21," 1,378,242 ",10.5,0.9,0.3,1.3,6.3,0.781,0.333,0.616,20.8,72,21
Danilo Gallinari,82,225,Los Angeles Clippers,30," 21,587,579 ",19.8,0.3,0.7,2.6,6.1,0.904,0.433,0.463,30.3,68,21
Blake Griffin,82,250,Detroit Pistons,29," 32,088,932 ",24.5,0.4,0.7,5.4,7.5,0.753,0.362,0.462,35,75,21
Demetrius Jackson,73,201,Boston Celtics,24," 92,857 ",3.7,0,0.3,0.8,0.5,1,0.333,0.533,6.5,6,21
Julius Randle,81,250,New Orleans Pelicans,24," 8,641,000 ",21.4,0.6,0.7,3.1,8.7,0.731,0.344,0.524,30.6,73,21
Ekpe Udoh,82,245,Utah Jazz,31," 3,360,000 ",2.3,0.6,0.2,0.5,1.8,0.633,,0.694,6.3,51,20.9
Bradley Beal,77,207,Washington Wizards,25," 25,434,263 ",25.6,0.7,1.5,5.5,5,0.808,0.351,0.475,36.9,82,20.8
Richaun Holmes,82,235,Phoenix Suns,25," 1,600,520 ",8.2,1.1,0.6,0.9,4.7,0.731,,0.608,16.9,70,20.7
Devin Robinson,80,200,,23, - ,6.7,0.9,0.6,0.9,2.9,0.643,0,0.594,13.6,7,20.6
Deandre Ayton,85,250,Phoenix Suns,20," 8,165,160 ",16.3,0.9,0.9,1.8,10.3,0.746,0,0.585,30.7,71,20.5
Willy Hernangomez,83,240,Charlotte Hornets,24," 1,544,951 ",7.3,0.3,0.3,1,5.4,0.694,0.385,0.519,14,58,20.4
Dwight Powell,83,240,Dallas Mavericks,27," 9,631,250 ",10.6,0.6,0.6,1.5,5.3,0.772,0.307,0.597,21.6,77,20.4
Devin Booker,78,210,Phoenix Suns,22," 3,314,365 ",26.6,0.2,0.9,6.8,4.1,0.866,0.326,0.467,35,64,20.2
Jimmy Butler,80,232,Philadelphia 76ers,29," 20,445,779 ",18.7,0.6,1.9,4,5.3,0.855,0.347,0.462,33.6,65,20.2
Mitch Creek,77,216,Brooklyn Nets,26," 94,742 ",4.2,0,0.4,1.2,2.4,0.714,0,0.5,9.6,5,20.2
Al Horford,82,245,Boston Celtics,32," 28,928,710 ",13.6,1.3,0.9,4.2,6.7,0.821,0.36,0.535,29,68,20.2
Ben Simmons,82,230,Philadelphia 76ers,22," 6,434,520 ",16.9,0.8,1.4,7.7,8.8,0.6,0,0.563,34.2,79,20
Chris Paul,72,175,Houston Rockets,33," 35,654,150 ",15.6,0.3,2,8.2,4.6,0.862,0.358,0.419,32,58,19.7
Emanuel Terry,81,220,Phoenix Suns,22," 47,371 ",3.3,0,1,0.7,2.3,0.5,,0.571,7.7,3,19.7
Tony Bradley,82,248,Utah Jazz,21," 1,679,520 ",5.7,0.7,0.7,0.3,5,0.5,,0.5,12,3,19.6
DeMar DeRozan,79,220,San Antonio Spurs,29," 27,739,975 ",21.2,0.5,1.1,6.2,6,0.83,0.156,0.481,34.9,77,19.6
Luka Doncic,79,218,Dallas Mavericks,19," 6,560,640 ",21.2,0.3,1.1,6,7.8,0.713,0.327,0.427,32.2,72,19.6
Kevin Love,82,251,Cleveland Cavaliers,30," 24,119,025 ",17,0.2,0.3,2.2,10.9,0.904,0.361,0.385,27.2,22,19.5
Derrick Rose,75,200,Minnesota Timberwolves,30," 2,176,260 ",18,0.2,0.6,4.3,2.7,0.856,0.37,0.482,27.3,51,19.5
Marcus Derrickson,79,249,,22, - ,4.2,0.1,0,0.1,1.2,0.8,0.5,0.485,6.1,11,19.4
Jrue Holiday,76,205,New Orleans Pelicans,28," 25,976,111 ",21.2,0.8,1.6,7.7,5,0.768,0.325,0.472,35.9,67,19.4
Jakob Poeltl,84,230,San Antonio Spurs,23," 2,947,320 ",5.5,0.9,0.4,1.2,5.3,0.533,,0.645,16.5,77,19.4
D'Angelo Russell,77,198,Brooklyn Nets,22," 7,019,698 ",21.1,0.2,1.2,7,3.9,0.78,0.369,0.434,30.2,81,19.4
Eric Bledsoe,73,205,Milwaukee Bucks,29," 15,000,000 ",15.9,0.4,1.5,5.5,4.6,0.75,0.329,0.484,29.1,78,19.3
Nerlens Noel,83,220,Oklahoma City Thunder,24," 1,757,429 ",4.9,1.2,0.9,0.6,4.2,0.684,,0.587,13.7,77,19.3
Khem Birch,81,233,Orlando Magic,26," 1,378,242 ",4.8,0.6,0.4,0.8,3.8,0.699,0,0.603,12.9,50,19.2
DeAndre Jordan,83,265,New York Knicks,30," 22,900,000 ",11,1.1,0.6,2.3,13.1,0.705,,0.641,29.7,69,19
Marvin Bagley III,83,234,Sacramento Kings,19," 7,305,600 ",14.9,1,0.5,1,7.6,0.691,0.313,0.504,25.3,62,18.9
Johnathan Motley,82,230,,23, - ,4.6,0.1,0.2,0.5,2.3,0.6,0,0.534,7.1,22,18.9
Miles Plumlee,83,249,Atlanta Hawks,30," 12,500,000 ",4.4,0.2,0.3,0.9,2.2,0.533,,0.667,9.6,18,18.9
Ivica Zubac,85,240,Los Angeles Clippers,21," 1,544,951 ",8.9,0.9,0.2,1.1,6.1,0.802,,0.559,17.6,59,18.9
Robert Williams,82,240,Boston Celtics,21," 1,654,440 ",2.5,1.3,0.3,0.2,2.5,0.6,,0.706,8.8,32,18.8
Serge Ibaka,82,235,Toronto Raptors,29," 21,666,667 ",15,1.4,0.4,1.3,8.1,0.763,0.29,0.529,27.2,74,18.7
Zach LaVine,77,200,Chicago Bulls,23," 19,500,000 ",23.7,0.4,1,4.5,4.7,0.832,0.374,0.467,34.5,63,18.7
Pascal Siakam,81,230,Toronto Raptors,24," 1,544,951 ",16.9,0.7,0.9,3.1,6.9,0.785,0.369,0.549,31.9,80,18.7
Larry Nance Jr.,81,230,Cleveland Cavaliers,26," 2,272,391 ",9.4,0.6,1.5,3.2,8.2,0.716,0.337,0.52,26.8,67,18.6
Joakim Noah,83,230,New York Knicks,33," 18,530,000 ",7.1,0.7,0.5,2.1,5.7,0.716,0,0.516,16.5,42,18.6
Steven Adams,84,265,Oklahoma City Thunder,25," 24,157,304 ",13.9,1,1.5,1.6,9.5,0.5,0,0.595,33.4,80,18.5
Jarrett Allen,83,237,Brooklyn Nets,20," 2,034,120 ",10.9,1.5,0.5,1.4,8.4,0.709,0.133,0.59,26.2,80,18.5
Tristan Thompson,82,238,Cleveland Cavaliers,27," 17,469,565 ",10.9,0.4,0.7,2,10.2,0.642,,0.529,27.9,43,18.4
Gorgui Dieng,83,252,Minnesota Timberwolves,29," 15,170,787 ",6.4,0.5,0.6,0.9,4.1,0.83,0.339,0.501,13.6,76,18.1
De'Aaron Fox,75,175,Sacramento Kings,21," 5,470,920 ",17.3,0.6,1.6,7.3,3.8,0.727,0.371,0.458,31.4,81,18.1
Willie Cauley-Stein,84,240,Sacramento Kings,25," 4,696,875 ",11.9,0.6,1.2,2.4,8.4,0.551,0.5,0.556,27.3,81,18
Myles Turner,83,250,Indiana Pacers,22," 3,410,284 ",13.3,2.7,0.8,1.6,7.2,0.736,0.388,0.487,28.6,74,18
John Wall,76,210,Washington Wizards,28," 19,169,800 ",20.7,0.9,1.5,8.7,3.6,0.697,0.302,0.444,34.5,32,18
Bam Adebayo,82,255,Miami Heat,21," 2,955,840 ",8.9,0.8,0.9,2.2,7.3,0.735,0.2,0.576,23.3,82,17.9
Paul Millsap,80,246,Denver Nuggets,33," 29,730,769 ",12.6,0.8,1.2,2,7.2,0.727,0.365,0.484,27.1,70,17.9
Jahlil Okafor,83,275,New Orleans Pelicans,23," 1,567,007 ",8.2,0.7,0.3,0.7,4.7,0.663,0.2,0.586,15.8,59,17.9
Malcolm Brogdon,77,229,Milwaukee Bucks,26," 1,544,951 ",15.6,0.2,0.7,3.2,4.5,0.928,0.426,0.505,28.6,64,17.8
Taj Gibson,81,232,Minnesota Timberwolves,33," 14,000,000 ",10.8,0.6,0.8,1.2,6.5,0.757,0.324,0.566,24.1,70,17.8
Mason Plumlee,83,235,Denver Nuggets,28," 12,917,808 ",7.8,0.9,0.8,3,6.4,0.561,0.2,0.593,21.1,82,17.8
Victor Oladipo,76,210,Indiana Pacers,26," 21,000,000 ",18.8,0.3,1.7,5.2,5.6,0.73,0.343,0.423,31.9,36,17.6
Cheick Diallo,81,220,New Orleans Pelicans,22," 1,544,951 ",6,0.5,0.5,0.5,5.2,0.746,0.25,0.62,14,64,17.5
Rudy Gay,80,230,San Antonio Spurs,32," 10,087,200 ",13.7,0.5,0.8,2.6,6.8,0.816,0.402,0.504,26.7,69,17.5
Buddy Hield,76,214,Sacramento Kings,26," 3,833,760 ",20.7,0.4,0.7,2.5,5,0.886,0.427,0.458,31.9,82,17.5
Isaiah Hicks,81,230,,24, - ,4,1,0.3,0.7,2.3,0.8,,0.5,10.7,3,17.4
Dwight Howard,83,265,Washington Wizards,33," 5,337,000 ",12.8,0.4,0.8,0.4,9.2,0.604,,0.623,25.6,9,17.4
Ed Davis,82,225,Brooklyn Nets,29," 4,449,000 ",5.8,0.4,0.4,0.8,8.6,0.617,0,0.616,17.9,81,17.3
Jeremy Lamb,77,185,Charlotte Hornets,26," 7,488,372 ",15.3,0.4,1.1,2.2,5.5,0.888,0.348,0.44,28.5,79,17.3
Kevon Looney,81,220,Golden State Warriors,22," 1,567,007 ",6.3,0.7,0.6,1.5,5.2,0.619,0.1,0.625,18.5,80,17.3
Tyler Zeller,84,253,Atlanta Hawks,29," 106,974 ",7.7,0.5,0.2,0.7,4,0.778,0,0.533,15.5,6,17.3
Tobias Harris,81,235,Philadelphia 76ers,26," 14,800,000 ",20,0.5,0.6,2.8,7.9,0.866,0.397,0.487,34.7,82,17.2
Alex Len,85,250,Atlanta Hawks,25," 4,350,000 ",11.1,0.9,0.4,1.1,5.5,0.648,0.363,0.494,20.1,77,17.2
Nikola Mirotic,82,250,Milwaukee Bucks,27," 12,500,000 ",15.2,0.7,0.7,1.2,7.4,0.847,0.365,0.439,27.1,46,17.2
Donovan Mitchell,75,215,Utah Jazz,22," 3,111,480 ",23.8,0.4,1.4,4.2,4.1,0.806,0.362,0.432,33.7,77,17.2
Cody Zeller,84,240,Charlotte Hornets,26," 13,528,090 ",10.1,0.8,0.8,2.1,6.8,0.787,0.273,0.551,25.4,49,17.2
John Henson,83,219,Cleveland Cavaliers,28," 11,327,466 ",5.6,0.8,0.5,1,5.1,0.6,0.355,0.463,13.4,14,17.1
Lauri Markkanen,84,240,Chicago Bulls,21," 4,536,120 ",18.7,0.6,0.7,1.4,9,0.872,0.361,0.43,32.3,52,17.1
CJ McCollum,75,190,Portland Trail Blazers,27," 25,759,766 ",21,0.4,0.8,3,4,0.828,0.375,0.459,33.9,70,17
Daniel Theis,80,243,Boston Celtics,26," 1,378,242 ",5.7,0.6,0.3,1,3.4,0.737,0.388,0.549,13.8,66,17
Trae Young,74,180,Atlanta Hawks,20," 5,356,440 ",19.1,0.2,0.9,8.1,3.7,0.829,0.324,0.418,30.9,81,17
T.J. Leaf,82,225,Indiana Pacers,21," 2,407,560 ",3.9,0.3,0.2,0.4,2.2,0.613,0.258,0.541,9,58,16.9
Jordan Clarkson,77,194,Cleveland Cavaliers,26," 12,500,000 ",16.8,0.2,0.7,2.4,3.3,0.844,0.324,0.448,27.3,81,16.8
Frank Kaminsky,84,242,Charlotte Hornets,25," 3,627,842 ",8.6,0.3,0.3,1.3,3.5,0.738,0.36,0.463,16.1,47,16.8
Kyle O'Quinn,82,250,Indiana Pacers,28," 4,449,000 ",3.5,0.6,0.2,1.2,2.6,0.81,0.083,0.507,8.2,45,16.8
Darren Collison,72,175,Indiana Pacers,31," 10,000,000 ",11.2,0.1,1.4,6,3.1,0.832,0.407,0.467,28.2,76,16.7
Marc Gasol,85,255,Toronto Raptors,34," 24,119,025 ",13.6,1.1,1.1,4.4,7.9,0.759,0.363,0.448,30.8,79,16.7
Pau Gasol,84,250,San Antonio Spurs,38," 15,100,000 ",3.9,0.5,0.2,1.7,4.6,0.7,0.462,0.447,12,30,16.7
Kalin Lucas,73,195,,29, - ,2,0,0,1,3,1,0,0,6,1,16.6
Klay Thompson,79,215,Golden State Warriors,28," 18,988,725 ",21.5,0.6,1.1,2.4,3.8,0.816,0.402,0.467,34,78,16.6
Trey Burke,73,175,Dallas Mavericks,26," 1,795,015 ",10.9,0.1,0.6,2.7,1.7,0.831,0.352,0.431,19.4,58,16.5
Kyle Lowry,73,196,Toronto Raptors,32," 31,200,000 ",14.2,0.5,1.4,8.7,4.8,0.83,0.347,0.411,34,65,16.5
Khris Middleton,80,222,Milwaukee Bucks,27," 13,000,000 ",18.3,0.1,1,4.3,6,0.837,0.378,0.441,31.1,77,16.5
Jaren Jackson Jr.,83,242,Memphis Grizzlies,19," 5,915,040 ",13.8,1.4,0.9,1.1,4.7,0.766,0.359,0.506,26.1,58,16.4
J.J. Barea,72,185,Dallas Mavericks,34," 3,710,850 ",10.9,0,0.6,5.6,2.5,0.705,0.297,0.418,19.8,38,16.3
Spencer Dinwiddie,78,210,Brooklyn Nets,25," 1,656,092 ",16.8,0.3,0.6,4.6,2.4,0.806,0.335,0.442,28.1,68,16.3
Walt Lemon Jr.,75,180,,26, - ,14.3,0.2,1.8,5,4.5,0.727,0.4,0.437,27.8,6,16.3
Jordan Loyd,76,210,,25, - ,2.4,0,0,0.5,0.8,0.818,0.5,0.444,4.6,12,16.3
T.J. Warren,80,215,Phoenix Suns,25," 11,750,000 ",18,0.7,1.2,1.5,4,0.815,0.428,0.486,31.6,43,16.3
Kadeem Allen,75,192,,26, - ,9.9,0.2,0.8,4,2.7,0.778,0.472,0.461,21.9,19,16.2
Monte Morris,75,175,Denver Nuggets,23," 1,349,383 ",10.4,0,0.9,3.6,2.4,0.802,0.414,0.493,24,82,16.2
Thaddeus Young,80,221,Indiana Pacers,30," 13,764,045 ",12.6,0.4,1.5,2.5,6.5,0.644,0.349,0.527,30.7,81,16.2
Ante Zizic,83,254,Cleveland Cavaliers,22," 1,952,760 ",7.8,0.4,0.2,0.9,5.4,0.705,,0.553,18.3,59,16.2
Bojan Bogdanovic,80,216,Indiana Pacers,29," 10,500,000 ",18,0,0.9,2,4.1,0.807,0.425,0.497,31.8,81,16.1
Salah Mejri,86,235,Dallas Mavericks,32," 1,567,007 ",3.9,0.7,0.3,1,3.6,0.625,0.324,0.491,11.1,36,16.1
Bobby Portis,83,250,Washington Wizards,23," 2,494,346 ",14.2,0.4,0.7,1.4,8.1,0.794,0.393,0.444,26,50,16.1
Ivan Rabb,82,220,Memphis Grizzlies,21," 1,378,242 ",5.8,0.3,0.3,1.1,4.2,0.71,0.2,0.547,14.7,49,16.1
Thomas Welsh,84,255,,22, - ,1.6,0,0,0.5,0.4,0.5,0.429,0.538,3.3,11,16.1
Dewayne Dedmon,84,245,Atlanta Hawks,29," 7,200,000 ",10.8,1.1,1.1,1.4,7.5,0.814,0.382,0.492,25.1,64,16
PJ Dozier,78,205,,22, - ,3.2,0,0.3,0.8,2.8,0.5,0.25,0.381,8.5,6,16
Jodie Meeks,76,210,Milwaukee Bucks,31," 3,454,500 ",6.4,0.1,0.1,1,1.5,1,0.444,0.538,13,8,16
Greg Monroe,83,265,Brooklyn Nets,28," 2,165,481 ",5.3,0.2,0.3,0.6,4,0.625,0.2,0.487,11.2,43,16
Jamal Murray,76,207,Denver Nuggets,21," 3,499,800 ",18.2,0.4,0.9,4.8,4.2,0.848,0.367,0.437,32.6,75,16
Michael Beasley,81,235,Los Angeles Clippers,30," 3,500,000 ",7,0.4,0.3,1,2.3,0.718,0.176,0.49,10.7,26,15.9
Robin Lopez,84,275,Chicago Bulls,30," 14,357,750 ",9.5,1.1,0.1,1.2,3.9,0.724,0.226,0.568,21.7,74,15.9
Otto Porter,80,198,Chicago Bulls,25," 26,011,913 ",13.9,0.6,1.5,2.1,5.6,0.813,0.406,0.465,30.1,56,15.9
Meyers Leonard,85,255,Portland Trail Blazers,26," 10,595,506 ",5.9,0.1,0.2,1.2,3.8,0.843,0.45,0.545,14.4,61,15.8
Dwyane Wade,76,220,Miami Heat,37," 2,393,887 ",15,0.5,0.8,4.2,4,0.708,0.33,0.433,26.2,72,15.8
D.J. Augustin,72,183,Orlando Magic,31," 7,250,000 ",11.7,0,0.6,5.3,2.5,0.866,0.421,0.47,28,81,15.7
Omri Casspi,81,225,Memphis Grizzlies,30," 2,176,260 ",6.3,0.3,0.6,0.7,3.2,0.672,0.349,0.534,14.4,36,15.7
Deyonta Davis,83,237,Sacramento Kings,22," 1,544,951 ",4,0.6,0.3,0.6,4,0.6,0,0.682,13.1,9,15.6
Gordon Hayward,80,225,Boston Celtics,28," 31,214,295 ",11.5,0.3,0.9,3.4,4.5,0.834,0.333,0.466,25.9,72,15.6
Jabari Parker,80,245,Washington Wizards,23," 20,000,000 ",14.5,0.5,0.7,2.4,6.6,0.712,0.313,0.493,26.9,64,15.5
Delon Wright,77,183,Memphis Grizzlies,26," 2,536,898 ",8.7,0.4,1.2,3.3,3.5,0.793,0.298,0.434,22.7,75,15.5
Nemanja Bjelica,82,234,Sacramento Kings,30," 6,500,000 ",9.6,0.7,0.7,1.9,5.8,0.761,0.401,0.479,23.2,77,15.4
Terrence Ross,79,206,Orlando Magic,27," 10,500,000 ",15.1,0.4,0.9,1.7,3.5,0.875,0.383,0.428,26.5,81,15.4
Jeff Teague,74,195,Minnesota Timberwolves,30," 19,000,000 ",12.1,0.4,1,8.2,2.5,0.804,0.333,0.423,30.1,42,15.4
Damian Jones,84,245,Golden State Warriors,23," 1,544,951 ",5.4,1,0.5,1.2,3.1,0.649,,0.716,17.1,24,15.3
Shabazz Napier,73,180,Brooklyn Nets,27," 1,942,422 ",9.4,0.3,0.7,2.6,1.8,0.833,0.333,0.389,17.6,56,15.3
Tony Parker,74,185,Charlotte Hornets,36," 5,000,000 ",9.5,0.1,0.4,3.7,1.5,0.734,0.255,0.46,17.9,56,15.3
Wendell Carter Jr.,82,255,Chicago Bulls,19," 4,441,200 ",10.3,1.3,0.6,1.8,7,0.795,0.188,0.485,25.2,44,15.2
Reggie Jackson,75,208,Detroit Pistons,28," 17,043,478 ",15.4,0.1,0.7,4.2,2.6,0.864,0.369,0.421,27.9,82,15.2
Kelly Oubre Jr.,79,205,Phoenix Suns,23," 3,208,630 ",15.2,0.9,1.2,1.2,4.7,0.775,0.32,0.445,28,69,15.2
Drew Eubanks,82,245,,21, - ,1.8,0.2,0.1,0.3,1.5,0.846,,0.577,4.9,23,15.1
Aaron Gordon,81,220,Orlando Magic,23," 21,590,909 ",16,0.7,0.7,3.7,7.4,0.731,0.349,0.449,33.8,78,15.1
J.J. Redick,76,200,Philadelphia 76ers,34," 12,250,000 ",18.1,0.2,0.4,2.7,2.4,0.894,0.397,0.44,31.3,76,15.1
Jayson Tatum,80,208,Boston Celtics,20," 6,700,800 ",15.7,0.7,1.1,2.1,6,0.855,0.373,0.45,31.1,79,15.1
Johnathan Williams,81,228,,23, - ,6.5,0.3,0.3,0.5,4.1,0.563,0,0.591,15.5,24,15.1
Mohamed Bamba,84,221,Orlando Magic,20," 4,865,040 ",6.2,1.4,0.3,0.8,5,0.587,0.3,0.481,16.3,47,14.9
Caris LeVert,79,204,Brooklyn Nets,24," 1,702,800 ",13.7,0.4,1.1,3.9,3.8,0.691,0.312,0.429,26.6,40,14.9
Luke Kornet,85,250,New York Knicks,23," 1,619,000 ",7,0.9,0.6,1.2,2.9,0.826,0.363,0.378,17,46,14.8
Derrick White,76,190,San Antonio Spurs,24," 1,667,160 ",9.9,0.7,1,3.9,3.7,0.772,0.338,0.479,25.8,67,14.8
Michael Carter-Williams,78,190,Chicago Bulls,27," 1,200,000 ",4.8,0.5,0.7,2.5,2.5,0.604,0.263,0.374,13.3,28,14.7
JaMychal Green,81,227,Los Angeles Clippers,28," 7,866,667 ",9.4,0.5,0.7,0.8,6.3,0.792,0.403,0.483,21.1,65,14.7
Luol Deng,81,237,Los Angeles Lakers,33," 14,354,067 ",7.1,0.4,0.7,0.8,3.3,0.714,0.318,0.5,17.8,22,14.6
Brook Lopez,84,270,Milwaukee Bucks,30," 3,382,000 ",12.5,2.2,0.6,1.2,4.9,0.842,0.365,0.452,28.7,81,14.6
Emmanuel Mudiay,77,200,New York Knicks,22," 4,294,480 ",14.8,0.3,0.7,3.9,3.3,0.774,0.329,0.446,27.2,59,14.6
Ray Spalding,82,215,Dallas Mavericks,21," 838,464 ",3.9,0.6,0.6,0.4,3.4,0.333,0,0.532,10.6,14,14.6
Bismack Biyombo,81,255,Charlotte Hornets,26," 17,000,000 ",4.4,0.8,0.2,0.6,4.6,0.637,,0.571,14.5,54,14.4
Harry Giles,82,240,Sacramento Kings,20," 2,207,040 ",7,0.4,0.5,1.5,3.8,0.637,0,0.503,14.1,58,14.4
Kelly Olynyk,84,240,Miami Heat,27," 12,137,527 ",10,0.5,0.7,1.8,4.7,0.822,0.354,0.463,22.9,79,14.4
Jordan McRae,77,179,,27, - ,5.9,0.3,0.5,1.1,1.5,0.8,0.286,0.469,12.3,27,14.3
Brad Wanamaker,76,210,Boston Celtics,29," 838,464 ",3.9,0.1,0.3,1.6,1.1,0.857,0.41,0.476,9.5,36,14.3
Malik Beasley,77,195,Denver Nuggets,22," 1,773,840 ",11.3,0.1,0.7,1.2,2.5,0.848,0.402,0.474,23.2,81,14.2
Marcus Morris,81,235,Boston Celtics,29," 5,375,000 ",13.9,0.3,0.6,1.5,6.1,0.844,0.375,0.447,27.9,75,14.2
Bogdan Bogdanovic,78,205,Sacramento Kings,26," 9,000,000 ",14.1,0.2,1,3.8,3.5,0.827,0.36,0.418,27.8,70,14.1
Tomas Satoransky,79,210,Washington Wizards,27," 3,129,187 ",8.9,0.2,1,5,3.5,0.819,0.395,0.485,27.1,80,14.1
Aron Baynes,82,260,Boston Celtics,32," 5,193,600 ",5.6,0.7,0.2,1.1,4.7,0.855,0.344,0.471,16.1,51,14
Derrick Jones Jr.,79,200,Miami Heat,21," 1,512,601 ",7,0.7,0.8,0.6,4,0.607,0.308,0.494,19.2,60,14
Kyle Kuzma,81,220,Los Angeles Lakers,23," 1,689,840 ",18.7,0.4,0.6,2.5,5.5,0.752,0.303,0.456,33.1,70,14
Elfrid Payton,76,185,New Orleans Pelicans,24," 3,000,000 ",10.6,0.4,1,7.6,5.2,0.743,0.314,0.434,29.8,42,14
Josh Richardson,78,200,Miami Heat,25," 9,367,200 ",16.6,0.5,1.1,4.1,3.6,0.861,0.357,0.412,34.8,73,14
Ricky Rubio,76,190,Utah Jazz,28," 14,975,000 ",12.7,0.1,1.3,6.1,3.6,0.855,0.311,0.404,27.9,68,14
Alex Caruso,77,186,,24, - ,9.2,0.4,1,3.1,2.7,0.797,0.48,0.445,21.2,25,13.9
Goran Dragic,75,190,Miami Heat,32," 18,109,175 ",13.7,0.1,0.8,4.8,3.1,0.782,0.348,0.413,27.5,36,13.9
Noah Vonleh,81,250,New York Knicks,23," 1,621,415 ",8.4,0.8,0.7,1.9,7.8,0.712,0.336,0.47,25.3,68,13.9
Jerami Grant,81,220,Oklahoma City Thunder,24," 8,653,847 ",13.6,1.3,0.8,1,5.2,0.71,0.392,0.497,32.7,80,13.8
Tyus Jones,74,196,Minnesota Timberwolves,22," 2,444,053 ",6.9,0.1,1.2,4.8,2,0.841,0.317,0.415,22.9,68,13.7
Malcolm Miller,79,210,Toronto Raptors,25," 457,418 ",3.5,0.1,0.1,0.1,0.5,0.75,0.476,0.423,6.7,10,13.7
Zaza Pachulia,83,270,Detroit Pistons,34," 2,393,887 ",3.9,0.3,0.5,1.3,3.9,0.782,0,0.44,12.9,68,13.7
Fred VanVleet,72,195,Toronto Raptors,24," 8,653,847 ",11,0.3,0.9,4.8,2.6,0.843,0.378,0.41,27.5,64,13.7
Pat Connaughton,76,209,Milwaukee Bucks,26," 1,641,000 ",6.9,0.4,0.5,2,4.2,0.725,0.33,0.466,20.7,61,13.6
Jeff Green,81,235,Washington Wizards,32," 2,393,887 ",12.3,0.5,0.6,1.8,4,0.888,0.347,0.475,27.2,77,13.6
Tim Hardaway Jr.,78,205,Dallas Mavericks,26," 17,325,000 ",18.1,0.1,0.8,2.4,3.4,0.841,0.34,0.393,31.6,65,13.6
Jaylen Brown,79,220,Boston Celtics,22," 5,169,960 ",13,0.4,0.9,1.4,4.2,0.658,0.344,0.465,25.9,74,13.5
Zach Collins,84,235,Portland Trail Blazers,21," 3,628,920 ",6.6,0.9,0.3,0.9,4.2,0.746,0.331,0.473,17.6,77,13.5
Joe Harris,78,218,Brooklyn Nets,27," 8,333,333 ",13.7,0.2,0.5,2.4,3.8,0.827,0.474,0.5,30.2,76,13.5
Jonas Jerebko,82,231,Golden State Warriors,31," 2,165,481 ",6.3,0.2,0.4,1.3,3.9,0.8,0.367,0.459,16.7,73,13.5
Jake Layman,81,215,Portland Trail Blazers,24," 1,544,951 ",7.6,0.4,0.4,0.7,3.1,0.704,0.326,0.509,18.7,71,13.5
Jeremy Lin,75,200,Atlanta Hawks,30," 13,768,421 ",9.6,0.2,0.6,3.1,2.4,0.838,0.294,0.44,19.4,74,13.5
Raul Neto,73,179,Utah Jazz,26," 2,150,000 ",5.3,0.1,0.4,2.5,1.7,0.848,0.333,0.46,12.8,37,13.5
Andrew Bogut,84,260,Golden State Warriors,34," 2,393,887 ",3.5,0.7,0.3,1,5,1,,0.5,12.2,11,13.4
Cristiano Felicio,82,265,Chicago Bulls,26," 8,470,980 ",4,0.1,0.2,0.6,3.6,0.685,0,0.531,12.4,60,13.4
Shai Gilgeous-Alexander,78,181,Los Angeles Clippers,20," 3,375,360 ",10.8,0.5,1.2,3.3,2.8,0.8,0.367,0.476,26.5,82,13.4
Joe Ingles,80,226,Utah Jazz,31," 13,045,455 ",12.1,0.2,1.2,5.7,4,0.707,0.391,0.448,31.3,82,13.4
Brandon Ingram,81,190,Los Angeles Lakers,21," 5,757,120 ",18.3,0.6,0.5,3,5.1,0.675,0.33,0.497,33.8,52,13.4
T.J. McConnell,74,190,Philadelphia 76ers,26," 1,600,520 ",6.4,0.2,1,3.4,2.3,0.784,0.333,0.525,19.3,76,13.4
Robert Covington,81,225,Minnesota Timberwolves,28," 10,464,092 ",13.3,1.3,2.1,1.3,5.5,0.764,0.378,0.431,34.4,35,13.3
Sam Dekker,81,230,Washington Wizards,24," 2,760,095 ",6.1,0.1,0.8,1,3.1,0.609,0.306,0.469,16.8,47,13.3
Michael Kidd-Gilchrist,79,232,Charlotte Hornets,25," 13,000,000 ",6.7,0.6,0.5,1,3.8,0.772,0.34,0.476,18.4,64,13.3
Norman Powell,76,215,Toronto Raptors,25," 9,367,200 ",8.6,0.2,0.7,1.5,2.3,0.827,0.4,0.483,18.8,60,13.3
Al-Farouq Aminu,81,220,Portland Trail Blazers,28," 6,957,105 ",9.4,0.4,0.8,1.3,7.5,0.867,0.343,0.433,28.3,81,13.2
Maurice Harkless,81,220,Portland Trail Blazers,25," 10,837,079 ",7.7,0.9,1.1,1.2,4.5,0.671,0.275,0.487,23.6,60,13.2
Jon Leuer,82,228,Detroit Pistons,29," 10,002,681 ",3.8,0.1,0.3,0.3,2.4,0.742,0.091,0.584,9.8,41,13.2
Patty Mills,72,180,San Antonio Spurs,30," 11,571,429 ",9.9,0.1,0.6,3,2.2,0.854,0.394,0.425,23.3,82,13.2
Quincy Pondexter,79,230,San Antonio Spurs,30," 2,165,481 ",1.8,0,0.2,0.5,0.9,0.81,0.333,0.5,5.5,53,13.2
Miles Bridges,79,225,Charlotte Hornets,20," 3,206,640 ",7.5,0.6,0.7,1.2,4,0.753,0.325,0.464,21.2,80,13.1
Quinn Cook,74,179,Golden State Warriors,25," 1,544,951 ",6.9,0,0.3,1.6,2.1,0.769,0.405,0.465,14.3,74,13.1
Henry Ellenson,83,245,Detroit Pistons,22," 1,857,480 ",6,0.1,0.4,0.8,3.5,0.76,0.447,0.411,13.6,19,13.1
Andre Iguodala,78,215,Golden State Warriors,35," 16,000,000 ",5.7,0.8,0.9,3.2,3.7,0.582,0.333,0.5,23.2,68,13.1
Amir Johnson,81,240,Philadelphia 76ers,31," 2,393,887 ",3.9,0.3,0.3,1.2,2.9,0.756,0.3,0.503,10.4,51,13.1
Maxi Kleber,83,240,Dallas Mavericks,27," 1,378,242 ",6.8,1.1,0.5,1,4.6,0.784,0.353,0.453,21.2,71,13.1
Dario Saric,82,223,Minnesota Timberwolves,24," 2,526,840 ",10.6,0.1,0.6,1.6,5.6,0.88,0.365,0.437,25,81,13.1
Marcus Smart,76,220,Boston Celtics,24," 11,660,716 ",8.9,0.4,1.8,4,2.9,0.806,0.364,0.422,27.5,80,13.1
Davis Bertans,82,225,San Antonio Spurs,26," 7,000,000 ",8,0.4,0.5,1.3,3.5,0.883,0.429,0.45,21.5,76,13
Danny Green,78,215,Toronto Raptors,31," 10,000,000 ",10.3,0.7,0.9,1.6,4,0.841,0.455,0.465,27.7,80,13
Jonathan Isaac,82,210,Orlando Magic,21," 4,969,080 ",9.6,1.3,0.8,1.1,5.5,0.815,0.323,0.429,26.6,75,13
Georges Niang,80,230,Utah Jazz,25," 1,512,601 ",4,0.1,0.2,0.6,1.5,0.833,0.41,0.475,8.7,59,13
Jordan Bell,81,224,Golden State Warriors,24," 1,378,252 ",3.3,0.8,0.3,1.1,2.7,0.61,0,0.516,11.6,68,12.9
Kentavious Caldwell-Pope,77,205,Los Angeles Lakers,25," 12,000,000 ",11.4,0.2,0.9,1.3,2.9,0.867,0.347,0.43,24.8,82,12.9
Bonzie Colson,78,224,,23, - ,4.9,0.1,0.6,0.4,3.8,0.889,0.238,0.333,12.3,8,12.9
Draymond Green,79,230,Golden State Warriors,28," 17,469,565 ",7.4,1.1,1.4,6.9,7.3,0.692,0.285,0.445,31.3,66,12.9
Terry Rozier,73,190,Boston Celtics,24," 3,050,390 ",9,0.3,0.9,2.9,3.9,0.785,0.353,0.387,22.7,79,12.9
Kyle Anderson,81,230,Memphis Grizzlies,25," 8,641,000 ",8,0.9,1.3,3,5.8,0.578,0.265,0.543,29.8,43,12.8
Harrison Barnes,80,225,Sacramento Kings,26," 24,107,258 ",16.4,0.2,0.6,1.5,4.7,0.824,0.395,0.42,32.9,77,12.8
Jalen Brunson,75,190,Dallas Mavericks,22," 1,230,000 ",9.3,0.1,0.5,3.2,2.3,0.725,0.348,0.467,21.8,73,12.8
Marcin Gortat,83,240,Los Angeles Clippers,34," 13,565,218 ",5,0.5,0.1,1.4,5.6,0.729,,0.532,16,47,12.8
B.J. Johnson,79,200,Atlanta Hawks,23," 94,742 ",3.3,0,0.3,0,1.1,1,0.429,0.5,7,7,12.8
Justise Winslow,79,225,Miami Heat,22," 3,448,926 ",12.6,0.3,1.1,4.3,5.4,0.628,0.375,0.433,29.7,66,12.8
Jonah Bolden,82,220,Philadelphia 76ers,23," 1,690,000 ",4.7,0.9,0.4,0.9,3.8,0.481,0.354,0.494,14.5,44,12.7
Alec Burks,78,214,Sacramento Kings,27," 11,536,515 ",8.8,0.3,0.6,2,3.7,0.823,0.363,0.405,21.5,64,12.7
Yogi Ferrell,72,180,Sacramento Kings,25," 3,000,000 ",5.9,0.1,0.5,1.9,1.5,0.896,0.362,0.435,15,71,12.7
Trey Lyles,82,234,Denver Nuggets,23," 3,364,249 ",8.5,0.4,0.5,1.4,3.8,0.698,0.255,0.418,17.5,64,12.7
Dennis Schroder,73,172,Oklahoma City Thunder,25," 15,500,000 ",15.5,0.2,0.8,4.1,3.6,0.819,0.341,0.414,29.3,79,12.7
Skal Labissiere,83,235,Portland Trail Blazers,22," 1,544,951 ",3,0.3,0.2,0.5,2,0.529,0.462,0.531,8,22,12.6
Marvin Williams,81,237,Charlotte Hornets,32," 14,087,500 ",10.1,0.8,0.9,1.2,5.4,0.767,0.366,0.422,28.4,75,12.6
Rondae Hollis-Jefferson,79,217,Brooklyn Nets,24," 2,470,357 ",8.9,0.5,0.7,1.6,5.3,0.645,0.184,0.411,20.9,59,12.5
David Nwaba,76,219,Cleveland Cavaliers,26," 1,512,601 ",6.5,0.3,0.7,1.1,3.2,0.682,0.32,0.481,19.3,51,12.5
Bruno Caboclo,81,218,Memphis Grizzlies,23," 487,000 ",8.3,1,0.4,1.5,4.6,0.84,0.369,0.427,23.5,34,12.4
Kris Dunn,76,205,Chicago Bulls,24," 4,221,000 ",11.3,0.5,1.5,6,4.1,0.797,0.354,0.425,30.2,46,12.4
Shaquille Harrison,76,190,Phoenix Suns,25," 50,000 ",6.5,0.4,1.2,1.9,3,0.667,0.27,0.432,19.6,73,12.4
Tyler Johnson,76,190,Phoenix Suns,26," 19,245,370 ",10.9,0.5,0.9,2.9,3,0.748,0.346,0.413,26.8,57,12.4
Frank Mason III,71,190,Sacramento Kings,24," 1,378,242 ",5.1,0.1,0.4,2.2,1.1,0.684,0.219,0.42,11.4,38,12.4
Omari Spellman,81,245,Atlanta Hawks,21," 1,620,480 ",5.9,0.5,0.6,1,4.2,0.711,0.344,0.402,17.5,46,12.4
Jarred Vanderbilt,81,214,Denver Nuggets,19," 838,464 ",1.4,0.1,0.4,0.2,1.4,0.6,0,0.474,4.1,17,12.4
Andrew Wiggins,80,194,Minnesota Timberwolves,23," 25,467,250 ",18.1,0.7,1,2.5,4.8,0.699,0.339,0.412,34.8,73,12.4
Guerschon Yabusele,80,260,Boston Celtics,23," 2,667,600 ",2.3,0.2,0.2,0.4,1.3,0.682,0.321,0.455,6.1,41,12.4
Evan Fournier,79,205,Orlando Magic,26," 17,000,000 ",15.1,0.1,0.9,3.6,3.2,0.806,0.34,0.438,31.5,81,12.3
Rodney Hood,80,206,Portland Trail Blazers,26," 3,472,887 ",11.2,0.2,0.8,1.8,2.2,0.884,0.356,0.435,26.3,72,12.3
Kosta Koufos,84,245,Sacramento Kings,29," 8,739,500 ",3.7,0.4,0.4,0.9,4.2,0.417,,0.477,12,42,12.3
Dennis Smith Jr.,75,195,New York Knicks,21," 3,819,960 ",13.6,0.4,1.3,4.8,2.9,0.635,0.322,0.428,28.5,53,12.3
Eric Gordon,76,215,Houston Rockets,30," 13,500,375 ",16.2,0.4,0.6,1.9,2.2,0.783,0.36,0.409,31.7,68,12.2
Gary Harris,76,210,Denver Nuggets,24," 16,517,857 ",12.9,0.3,1,2.2,2.8,0.799,0.339,0.424,28.8,57,12.2
Danuel House,79,220,,25, - ,9.4,0.3,0.5,1,3.6,0.789,0.416,0.468,25.1,39,12.2
Alex Poythress,81,235,,25, - ,5.1,0.5,0.2,0.8,3.6,0.621,0.391,0.494,14.5,21,12.2
Allonzo Trier,77,200,New York Knicks,23," 3,382,000 ",10.9,0.2,0.4,1.9,3.1,0.803,0.394,0.448,22.8,64,12.2
DeMarre Carroll,80,215,Brooklyn Nets,32," 15,400,000 ",11.1,0.1,0.5,1.3,5.2,0.76,0.342,0.395,25.4,67,12.1
Jae Crowder,78,235,Utah Jazz,28," 7,305,825 ",11.9,0.4,0.8,1.7,4.8,0.721,0.331,0.399,27.1,80,12.1
George Hill,75,188,Milwaukee Bucks,32," 19,000,000 ",7.6,0.1,0.9,2.3,2.5,0.824,0.314,0.452,21.7,60,12.1
Jemerrio Jones,77,174,,23, - ,4.5,0.8,1.2,2.2,8.2,0.5,0.2,0.364,23.8,6,12.1
Rajon Rondo,73,186,Los Angeles Lakers,32," 9,000,000 ",9.2,0.2,1.2,8,5.3,0.639,0.359,0.405,29.8,46,12.1
Thabo Sefolosha,79,220,Utah Jazz,34," 5,250,000 ",3.8,0.1,0.9,0.5,2.5,0.636,0.436,0.477,12.2,50,12.1
Trevor Ariza,80,215,Washington Wizards,33," 15,000,000 ",12.5,0.3,1.3,3.7,5.4,0.793,0.334,0.399,34,69,12
Bryn Forbes,75,190,San Antonio Spurs,25," 3,125,000 ",11.8,0,0.5,2.1,2.9,0.885,0.426,0.456,28,82,12
Ian Mahinmi,83,262,Washington Wizards,32," 15,944,154 ",4.1,0.5,0.7,0.7,3.8,0.689,0.188,0.452,14.6,34,12
Collin Sexton,74,190,Cleveland Cavaliers,20," 4,068,600 ",16.7,0.1,0.5,3,2.9,0.839,0.402,0.43,31.8,82,12
Nicolas Batum,80,200,Charlotte Hornets,30," 24,000,000 ",9.3,0.6,0.9,3.3,5.2,0.865,0.389,0.45,31.4,75,11.9
Kent Bazemore,77,201,Atlanta Hawks,29," 18,089,887 ",11.6,0.6,1.3,2.3,3.9,0.726,0.32,0.402,24.5,67,11.9
Marco Belinelli,77,210,San Antonio Spurs,32," 6,153,846 ",10.5,0.1,0.4,1.7,2.5,0.903,0.372,0.413,23,79,11.9
Nene,83,250,Houston Rockets,36," 3,651,480 ",3.6,0.4,0.4,0.6,2.9,0.66,0,0.517,13,42,11.9
Aaron Holiday,73,185,Indiana Pacers,22," 1,911,960 ",5.9,0.3,0.4,1.7,1.3,0.82,0.339,0.401,12.9,50,11.9
Luke Kennard,77,206,Detroit Pistons,22," 3,275,280 ",9.7,0.2,0.4,1.8,2.9,0.836,0.394,0.438,22.8,63,11.9
Damion Lee,78,210,,26, - ,4.9,0,0.4,0.4,2,0.864,0.397,0.441,11.7,32,11.9
Taurean Prince,80,220,Atlanta Hawks,24," 2,526,840 ",13.5,0.3,1,2.1,3.6,0.819,0.39,0.441,28.2,55,11.9
Patrick Beverley,73,185,Los Angeles Clippers,30," 5,027,028 ",7.6,0.6,0.9,3.8,5,0.78,0.397,0.407,27.4,78,11.8
Vince Carter,78,220,Atlanta Hawks,42," 2,393,887 ",7.4,0.4,0.6,1.1,2.6,0.712,0.389,0.419,17.5,76,11.8
Wayne Ellington,77,200,Phoenix Suns,31," 6,270,000 ",10.3,0.1,1,1.4,2,0.796,0.371,0.403,24.5,53,11.8
Malik Monk,75,200,Charlotte Hornets,20," 3,447,480 ",8.9,0.3,0.5,1.6,1.9,0.882,0.33,0.387,17.2,73,11.8
Ish Smith,72,175,Detroit Pistons,30," 6,000,000 ",8.9,0.2,0.5,3.6,2.6,0.758,0.326,0.419,22.3,56,11.8
Lance Stephenson,78,230,Los Angeles Lakers,28," 4,449,000 ",7.2,0.1,0.6,2.1,3.2,0.685,0.371,0.426,16.5,68,11.8
Dwayne Bacon,79,221,Charlotte Hornets,23," 1,378,242 ",7.3,0.1,0.3,1.1,2.1,0.739,0.437,0.475,17.7,43,11.7
Lonzo Ball,78,190,Los Angeles Lakers,21," 7,461,960 ",9.9,0.4,1.5,5.4,5.3,0.417,0.329,0.406,30.3,47,11.7
Jamal Crawford,77,185,Atlanta Hawks,38," 2,304,226 ",7.9,0.2,0.5,3.6,1.3,0.845,0.332,0.397,18.9,64,11.7
Tim Frazier,73,170,New Orleans Pelicans,28," 1,621,415 ",5.3,0.1,0.5,4.2,2.8,0.759,0.366,0.444,19,59,11.7
Shaun Livingston,79,192,Golden State Warriors,33," 8,307,692 ",4,0.4,0.5,1.8,1.8,0.784,0,0.519,15.1,64,11.7
Markieff Morris,82,245,New Orleans Pelicans,29," 8,600,000 ",9.4,0.4,0.6,1.4,4.6,0.772,0.335,0.421,21.9,58,11.7
Ryan Arcidiacono,75,200,Chicago Bulls,24," 1,349,383 ",6.7,0,0.8,3.3,2.7,0.873,0.373,0.447,24.2,81,11.6
Corey Brewer,81,186,Philadelphia 76ers,32," 270,496 ",4.9,0.2,1,1.3,2.5,0.721,0.318,0.431,15.9,31,11.6
MarShon Brooks,77,200,Chicago Bulls,30," 1,656,092 ",6.6,0.1,0.3,0.9,1.6,0.697,0.278,0.45,13.3,29,11.6
Ersan Ilyasova,82,235,Milwaukee Bucks,31," 7,000,000 ",6.8,0.3,0.5,0.8,4.5,0.824,0.363,0.438,18.4,67,11.6
Doug McDermott,80,225,Indiana Pacers,27," 7,333,334 ",7.3,0.1,0.2,0.9,1.4,0.835,0.408,0.491,17.4,77,11.6
Evan Turner,79,220,Portland Trail Blazers,30," 17,868,852 ",6.8,0.2,0.5,3.9,4.5,0.708,0.212,0.46,22,73,11.6
Tyreke Evans,78,220,Indiana Pacers,29," 12,400,000 ",10.2,0.3,0.8,2.4,2.9,0.719,0.356,0.389,20.3,69,11.5
Furkan Korkmaz,79,190,Philadelphia 76ers,21," 1,740,000 ",5.8,0,0.6,1.1,2.2,0.818,0.326,0.4,14.1,48,11.5
E'Twaun Moore,76,191,New Orleans Pelicans,29," 8,808,685 ",11.9,0.2,0.8,1.9,2.4,0.763,0.432,0.481,27.6,53,11.5
Cedi Osman,80,215,Cleveland Cavaliers,23," 2,775,000 ",13,0.1,0.8,2.6,4.7,0.779,0.348,0.427,32.2,76,11.5
Cameron Payne,75,190,Chicago Bulls,24," 3,263,295 ",6.3,0.2,0.7,2.7,1.8,0.805,0.298,0.43,17.8,40,11.5
Seth Curry,74,185,Portland Trail Blazers,28," 2,795,000 ",7.9,0.2,0.5,0.9,1.6,0.846,0.45,0.456,18.9,74,11.4
Gerald Green,79,205,Houston Rockets,33," 2,393,887 ",9.2,0.4,0.5,0.5,2.5,0.838,0.354,0.4,20.2,73,11.4
Dion Waiters,76,215,Miami Heat,27," 11,550,000 ",12,0.2,0.7,2.8,2.6,0.5,0.377,0.414,25.9,44,11.4
Justin Jackson,80,210,Dallas Mavericks,23," 2,807,880 ",7.2,0.2,0.4,1.2,2.6,0.785,0.355,0.447,19.9,81,11.3
Thon Maker,85,221,Detroit Pistons,21," 2,799,720 ",5,0.8,0.3,0.7,3.2,0.667,0.32,0.407,15.2,64,11.3
Justin Anderson,78,230,Atlanta Hawks,25," 2,516,048 ",3.7,0.3,0.5,0.5,1.8,0.743,0.312,0.408,9.6,48,11.2
Tyson Chandler,85,240,Phoenix Suns,36," 13,585,000 ",3.1,0.4,0.4,0.7,5.6,0.586,0,0.616,15.9,55,11.2
Tyler Dorsey,77,183,Memphis Grizzlies,22," 1,378,242 ",6.2,0,0.3,1.2,2.4,0.623,0.333,0.405,14.5,48,11.2
Dante Exum,78,190,Utah Jazz,23," 9,600,000 ",6.9,0.1,0.3,2.6,1.6,0.791,0.29,0.419,15.8,42,11.2
Raymond Felton,73,205,Oklahoma City Thunder,34," 2,393,887 ",4.3,0.2,0.3,1.6,1,0.923,0.328,0.407,11.5,33,11.2
Kyle Korver,79,212,Utah Jazz,37," 7,560,000 ",8.6,0.2,0.4,1.2,2.3,0.822,0.397,0.416,19.1,70,11.2
Alfonzo McKinnie,80,215,Golden State Warriors,26," 1,349,383 ",4.7,0.2,0.3,0.4,3.4,0.563,0.356,0.487,13.9,72,11.2
Troy Brown Jr.,79,215,Washington Wizards,19," 2,749,080 ",4.8,0.1,0.4,1.5,2.8,0.681,0.319,0.415,14,52,11.1
Matthew Dellavedova,76,200,Cleveland Cavaliers,28," 9,607,500 ",5.9,0,0.3,3.8,1.6,0.808,0.338,0.405,16.9,48,11.1
Anfernee Simons,76,185,Portland Trail Blazers,19," 1,835,520 ",3.8,0,0.1,0.7,0.7,0.563,0.345,0.444,7.1,20,11.1
Will Barton,78,190,Denver Nuggets,28," 11,830,358 ",11.5,0.5,0.4,2.9,4.6,0.77,0.342,0.402,27.7,43,11
James Ennis,79,210,Philadelphia 76ers,28," 1,621,415 ",6.7,0.4,0.7,0.7,3.1,0.716,0.353,0.469,21.2,58,11
Dorian Finney-Smith,80,220,Dallas Mavericks,25," 1,544,951 ",7.5,0.4,0.9,1.2,4.8,0.709,0.311,0.432,24.5,81,11
Juan Hernangomez,81,230,Denver Nuggets,23," 2,166,360 ",5.8,0.3,0.4,0.8,3.8,0.767,0.365,0.439,19.4,70,11
Cory Joseph,75,193,Indiana Pacers,27," 7,945,000 ",6.5,0.3,1.1,3.9,3.4,0.698,0.322,0.412,25.2,82,11
Rodions Kurucs,81,210,Brooklyn Nets,20," 1,618,320 ",8.5,0.4,0.7,0.8,3.9,0.783,0.315,0.45,20.5,63,11
Landry Shamet,77,188,Los Angeles Clippers,21," 1,703,640 ",9.1,0.1,0.5,1.5,1.7,0.806,0.422,0.431,22.8,79,11
Carmelo Anthony,80,240,Atlanta Hawks,34," 25,534,253 ",13.4,0.7,0.4,0.5,5.4,0.682,0.328,0.405,29.4,10,10.9
Sterling Brown,78,232,Milwaukee Bucks,23," 1,378,242 ",6.4,0.1,0.4,1.4,3.2,0.69,0.361,0.465,17.8,58,10.9
James Johnson,80,240,Miami Heat,31," 14,651,700 ",7.8,0.5,0.6,2.5,3.2,0.714,0.336,0.433,21.2,55,10.9
Nik Stauskas,78,205,Indiana Pacers,25," 1,621,415 ",5.9,0.1,0.3,1.2,1.9,0.891,0.372,0.402,14.9,68,10.9
DeAndre' Bembry,78,210,Atlanta Hawks,24," 1,634,640 ",8.4,0.5,1.3,2.5,4.4,0.64,0.289,0.446,23.5,82,10.8
Mikal Bridges,79,210,Phoenix Suns,22," 3,552,960 ",8.3,0.5,1.6,2.1,3.2,0.805,0.335,0.43,29.5,82,10.8
Damyean Dotson,78,210,New York Knicks,24," 1,378,242 ",10.7,0.1,0.8,1.8,3.6,0.745,0.368,0.415,27.5,73,10.8
Jerian Grant,76,205,Orlando Magic,26," 2,639,314 ",4.2,0.1,0.7,2.6,1.6,0.65,0.364,0.418,15.7,60,10.8
Mario Hezonja,80,225,New York Knicks,23," 6,500,000 ",8.8,0.1,1,1.5,4.1,0.763,0.276,0.412,20.8,58,10.8
Mike Muscala,83,240,Los Angeles Lakers,27," 5,000,000 ",7,0.6,0.3,1.2,3.8,0.824,0.348,0.402,20.4,64,10.8
Lonnie Walker,77,205,San Antonio Spurs,20," 2,357,160 ",2.6,0.2,0.4,0.5,1,0.8,0.385,0.348,6.9,17,10.8
Ryan Broekhoff,79,215,Dallas Mavericks,28," 838,464 ",4,0.1,0.1,0.5,1.5,0.789,0.409,0.452,10.8,42,10.7
Langston Galloway,74,200,Detroit Pistons,27," 7,000,000 ",8.4,0.1,0.5,1.1,2.1,0.844,0.355,0.388,21.8,80,10.7
Devin Harris,75,185,Dallas Mavericks,35," 2,393,887 ",6.3,0.2,0.5,1.8,1.6,0.761,0.31,0.38,15.8,68,10.7
Tony Snell,79,213,Milwaukee Bucks,27," 10,607,143 ",6,0.2,0.4,0.9,2.1,0.881,0.397,0.452,17.6,74,10.7
Antonio Blakeney,76,192,Chicago Bulls,22," 1,349,383 ",7.3,0.2,0.2,0.7,1.9,0.658,0.396,0.419,14.5,57,10.6
Josh Jackson,80,200,Phoenix Suns,21," 6,041,520 ",11.5,0.7,0.9,2.3,4.4,0.671,0.324,0.413,25.2,79,10.6
Reggie Bullock,79,205,Los Angeles Lakers,27," 2,500,000 ",11.3,0.2,0.6,2,2.7,0.859,0.377,0.412,29.8,63,10.5
Markelle Fultz,76,200,Orlando Magic,20," 8,339,880 ",8.2,0.3,0.9,3.1,3.7,0.568,0.286,0.419,22.5,19,10.5
Ben McLemore,77,201,Sacramento Kings,25," 5,460,000 ",3.9,0.2,0.3,0.2,0.9,0.667,0.415,0.391,8.3,19,10.5
Justin Patton,84,241,Philadelphia 76ers,21," 2,667,600 ",1.7,0,0.7,1,2,0.5,0,0.286,7,3,10.5
Troy Williams,79,218,Houston Rockets,24," 122,741 ",5.3,0.4,0.5,0.5,2.8,0.6,0.318,0.449,14.9,21,10.5
Torrey Craig,79,215,Denver Nuggets,28," 2,000,000 ",5.7,0.6,0.5,1,3.5,0.7,0.324,0.442,20,75,10.4
Shelvin Mack,75,203,Orlando Magic,28," 1,000,000 ",7.5,0.1,0.8,3.2,1.8,0.69,0.354,0.404,21.9,57,10.4
Cameron Reynolds,80,225,Minnesota Timberwolves,23," 108,953 ",5,0.1,0.3,0.7,1.6,0.889,0.412,0.423,13.6,19,10.4
Devonte' Graham,74,185,Charlotte Hornets,23," 988,464 ",4.7,0,0.5,2.6,1.4,0.761,0.281,0.343,14.7,46,10.3
Courtney Lee,77,215,Dallas Mavericks,33," 12,253,780 ",4,0.1,0.6,1.1,1.6,0.667,0.291,0.411,12.6,34,10.3
Wesley Matthews,77,220,New York Knicks,32," 18,622,514 ",12.2,0.2,0.8,2.3,2.5,0.81,0.372,0.4,30.3,69,10.3
D.J. Wilson,82,231,Milwaukee Bucks,22," 2,534,280 ",5.8,0.4,0.4,1.1,4.6,0.553,0.362,0.414,18.4,48,10.3
Jaron Blossomgame,79,220,,25, - ,4.2,0.3,0.3,0.5,3.6,0.769,0.256,0.443,16.3,27,10.2
Dante Cunningham,80,230,San Antonio Spurs,31," 2,500,000 ",3,0.2,0.4,0.8,2.9,0.778,0.462,0.475,14.5,64,10.2
Hamidou Diallo,77,198,Oklahoma City Thunder,20," 838,464 ",3.7,0.2,0.4,0.3,1.9,0.61,0.167,0.455,10.3,51,10.1
Kevin Huerter,79,190,Atlanta Hawks,20," 2,250,960 ",9.7,0.3,0.9,2.9,3.3,0.732,0.385,0.419,27.3,75,10.1
Moritz Wagner,83,245,Los Angeles Lakers,21," 1,762,080 ",4.8,0.3,0.3,0.6,2,0.811,0.286,0.415,10.4,43,10.1
Isaiah Hartenstein,84,249,Houston Rockets,20," 838,464 ",1.9,0.4,0.3,0.5,1.7,0.786,0.333,0.488,7.9,28,10
Justin Holiday,78,181,Memphis Grizzlies,29," 4,384,616 ",10.5,0.4,1.5,1.8,3.9,0.896,0.348,0.386,31.8,82,10
De'Anthony Melton,76,200,Phoenix Suns,20," 949,000 ",5,0.5,1.4,3.2,2.7,0.75,0.305,0.391,19.7,50,9.9
Chasson Randle,74,185,Washington Wizards,25," 869,094 ",5.5,0.1,0.5,2,1.1,0.694,0.4,0.419,15.2,49,9.9
OG Anunoby,80,232,Toronto Raptors,21," 1,952,760 ",7,0.3,0.7,0.7,2.9,0.581,0.332,0.453,20.2,67,9.8
Troy Daniels,76,205,Phoenix Suns,27," 3,258,539 ",6.2,0.1,0.5,0.5,1.4,0.783,0.381,0.411,14.9,51,9.8
Billy Garrett,78,213,,24, - ,6.5,0.3,0.3,1.8,0.8,1,0,0.407,15.8,4,9.8
Jason Smith,84,240,New Orleans Pelicans,32," 5,450,000 ",3.3,0.4,0.2,0.7,2.6,0.875,0.346,0.356,9.5,20,9.8
John Jenkins,76,215,Washington Wizards,27," 99,290 ",4.7,0.1,0,0.8,1.4,0.833,0.379,0.4,12.8,26,9.7
Kenrich Williams,79,210,New Orleans Pelicans,24," 838,464 ",6.1,0.4,1,1.8,4.8,0.684,0.333,0.384,23.5,46,9.7
Keita Bates-Diop,81,229,Minnesota Timberwolves,23," 838,464 ",5,0.5,0.6,0.6,2.8,0.643,0.25,0.423,16.8,30,9.6
Stanley Johnson,79,245,New Orleans Pelicans,22," 3,940,402 ",6.9,0.2,0.9,1.3,3.3,0.781,0.288,0.389,18.3,66,9.6
Tahjere McCall,77,195,Brooklyn Nets,24," 47,371 ",4,0,0,0,1,0,0,0.667,8,1,9.6
Dirk Nowitzki,84,245,Dallas Mavericks,40," 5,000,000 ",7.3,0.4,0.2,0.7,3.1,0.78,0.312,0.359,15.6,51,9.6
Dragan Bender,85,225,Phoenix Suns,21," 4,661,280 ",5,0.5,0.4,1.2,4,0.593,0.218,0.447,18,46,9.5
Zhaire Smith,76,199,Philadelphia 76ers,19," 2,611,800 ",6.7,0.3,0.3,1.7,2.2,0.75,0.375,0.412,18.5,6,9.5
Frank Jackson,75,205,New Orleans Pelicans,20," 1,378,242 ",8.1,0,0.4,1.1,2.2,0.74,0.314,0.434,19.2,61,9.4
Jarell Martin,82,239,Orlando Magic,24," 2,416,222 ",2.7,0.2,0.1,0.4,1.7,0.818,0.351,0.413,7.8,42,9.4
Rodney McGruder,76,200,Los Angeles Clippers,27," 1,544,951 ",7.6,0.2,0.5,1.7,3.6,0.722,0.351,0.403,23.5,66,9.4
Josh Okogie,76,212,Minnesota Timberwolves,20," 2,160,720 ",7.7,0.4,1.2,1.2,2.9,0.728,0.279,0.386,23.7,74,9.4
Josh Hart,77,215,Los Angeles Lakers,23," 1,655,160 ",7.8,0.6,1,1.4,3.7,0.688,0.336,0.407,25.6,67,9.3
Tyler Lydon,82,225,Denver Nuggets,22," 1,874,640 ",0.9,0,0.1,0.2,0.7,0.333,0.4,0.5,3.8,25,9.3
Shake Milton,78,207,,22, - ,4.4,0.4,0.4,0.9,1.8,0.714,0.318,0.391,13.4,20,9.3
Marquese Chriss,82,240,Cleveland Cavaliers,21," 3,206,160 ",4.2,0.3,0.4,0.5,3.3,0.711,0.222,0.372,11.6,43,9.2
Gary Clark,80,225,,24, - ,2.9,0.5,0.4,0.4,2.3,1,0.297,0.331,12.6,51,9.2
P.J. Tucker,78,245,Houston Rockets,33," 7,969,537 ",7.3,0.5,1.6,1.2,5.8,0.695,0.377,0.396,34.2,82,9.2
Donte DiVincenzo,76,203,Milwaukee Bucks,22," 2,481,000 ",4.9,0.2,0.5,1.1,2.4,0.75,0.265,0.403,15.2,27,9.1
Iman Shumpert,77,215,Houston Rockets,28," 11,011,234 ",7.5,0.4,1,1.8,3,0.8,0.348,0.374,23.9,62,9.1
C.J. Miles,78,220,Memphis Grizzlies,31," 8,333,333 ",6.4,0.3,0.5,0.7,1.8,0.828,0.33,0.36,16.2,53,9
Royce O'Neale,78,226,Utah Jazz,25," 1,378,242 ",5.2,0.3,0.7,1.5,3.5,0.762,0.386,0.475,20.4,82,9
Channing Frye,84,255,Cleveland Cavaliers,35," 2,393,887 ",3.6,0.1,0.2,0.6,1.4,0.786,0.405,0.368,9.5,36,8.9
Brandon Knight,75,195,Cleveland Cavaliers,27," 14,631,250 ",6.8,0.1,0.5,1.8,1.5,0.794,0.318,0.381,18.9,39,8.9
Chandler Hutchison,79,197,Chicago Bulls,22," 1,991,520 ",5.2,0.1,0.5,0.8,4.2,0.605,0.28,0.459,20.3,44,8.8
Abdel Nader,78,225,Oklahoma City Thunder,25," 1,378,242 ",4,0.2,0.3,0.3,1.9,0.75,0.32,0.423,11.4,61,8.8
C.J. Williams,77,226,,28, - ,2.6,0,0.4,0.8,0.5,0,0.313,0.486,8.5,15,8.8
Wesley Iwundu,79,195,Orlando Magic,24," 1,378,242 ",5,0.3,0.4,1.1,2.7,0.816,0.367,0.412,18.1,68,8.7
Kevin Knox,81,215,New York Knicks,19," 3,739,920 ",12.8,0.3,0.6,1.1,4.5,0.717,0.343,0.37,28.8,75,8.7
Glenn Robinson III,78,222,Detroit Pistons,25," 4,075,000 ",4.2,0.2,0.3,0.4,1.5,0.8,0.29,0.42,13,47,8.7
Mike Scott,80,237,Philadelphia 76ers,30," 4,320,500 ",5.8,0.2,0.3,0.8,3.5,0.667,0.401,0.4,17.7,79,8.6
Anthony Tolliver,80,250,Minnesota Timberwolves,33," 5,750,000 ",5,0.3,0.3,0.7,2.7,0.783,0.377,0.382,16.6,65,8.6
Jerryd Bayless,75,200,Minnesota Timberwolves,30," 8,575,916 ",6.1,0.1,0.5,3.5,1.8,0.571,0.296,0.357,19.3,34,8.5
Wilson Chandler,81,225,Los Angeles Clippers,31," 12,800,562 ",6,0.4,0.5,1.6,4.2,0.72,0.373,0.418,23.1,51,8.5
Semi Ojeleye,79,241,Boston Celtics,24," 1,378,242 ",3.3,0.1,0.2,0.4,1.5,0.615,0.315,0.424,10.6,56,8.5
Chandler Parsons,82,230,Memphis Grizzlies,30," 24,107,258 ",7.5,0.2,0.8,1.7,2.8,0.88,0.309,0.374,19.8,25,8.5
Brandon Sampson,77,184,,21, - ,5.1,0.2,0.6,0.7,1.1,0.667,0.379,0.467,15.3,14,8.5
Jonathon Simmons,78,195,Philadelphia 76ers,29," 6,000,000 ",6.5,0.3,0.5,2.3,2.3,0.742,0.269,0.38,19,56,8.5
Garrett Temple,78,195,Los Angeles Clippers,32," 8,000,000 ",7.8,0.4,1,1.4,2.9,0.748,0.341,0.422,27.2,75,8.5
Darius Miller,80,225,New Orleans Pelicans,28," 2,205,000 ",8.2,0.3,0.6,2.1,1.9,0.789,0.365,0.39,25.5,69,8.4
Ian Clark,75,175,New Orleans Pelicans,27," 1,757,429 ",6.7,0.1,0.4,1.6,1.5,0.892,0.327,0.394,16.2,60,8.3
Brandon Goodwin,74,180,,23, - ,1.4,0,0,0.9,0.2,0.818,0.333,0.261,3.6,16,8.3
Wayne Selden,77,230,Chicago Bulls,24," 1,544,951 ",6.9,0.2,0.4,1.5,2.4,0.728,0.316,0.406,19.2,75,8.3
Rawle Alkins,77,225,,21, - ,3.7,0,0.1,1.3,2.6,0.667,0.25,0.333,12,10,8.1
Patrick Patterson,81,230,Oklahoma City Thunder,29," 5,451,600 ",3.6,0.2,0.3,0.5,2.3,0.633,0.336,0.374,13.7,63,8.1
Theo Pinson,78,218,,23, - ,4.5,0,0.3,1.2,2,0.864,0.261,0.342,11.7,18,8.1
Davon Reed,77,208,Phoenix Suns,23," 1,378,242 ",1.2,0,0.1,0.3,0.6,,0.5,0.417,4.7,10,8.1
Isaiah Canaan,72,201,Minnesota Timberwolves,27," 198,580 ",6,0.1,0.5,2.8,1.9,0.792,0.354,0.39,21,30,8
Timothe Luwawu-Cabarrot,78,210,Chicago Bulls,23," 1,544,951 ",4.6,0.2,0.4,0.5,1.9,0.756,0.31,0.376,13.4,50,8
Jevon Carter,74,196,Memphis Grizzlies,23," 838,464 ",4.4,0.3,0.7,1.8,1.7,0.813,0.333,0.303,14.8,39,7.8
Jared Dudley,79,237,Brooklyn Nets,33," 9,530,000 ",4.9,0.3,0.6,1.4,2.6,0.696,0.351,0.423,20.7,59,7.8
J.R. Smith,78,225,Cleveland Cavaliers,33," 14,720,000 ",6.7,0.3,1,1.9,1.6,0.8,0.308,0.342,20.2,11,7.8
Allen Crabbe,78,212,Brooklyn Nets,26," 18,500,000 ",9.6,0.3,0.5,1.1,3.4,0.732,0.378,0.367,26.3,43,7.7
Austin Rivers,76,200,Phoenix Suns,26," 12,000,000 ",8.1,0.3,0.6,2.2,2.1,0.526,0.318,0.406,26.7,76,7.7
Jaylen Adams,74,190,Atlanta Hawks,22," 236,854 ",3.2,0.1,0.4,1.9,1.8,0.778,0.338,0.345,12.6,34,7.6
Avery Bradley,74,180,Memphis Grizzlies,28," 12,000,000 ",9.9,0.3,0.7,2.4,2.8,0.86,0.351,0.408,30.2,63,7.6
Dillon Brooks,78,220,Memphis Grizzlies,23," 1,378,242 ",7.5,0.2,0.6,0.9,1.7,0.733,0.375,0.402,18.3,18,7.6
Elie Okobo,75,190,Phoenix Suns,21," 1,238,464 ",5.7,0.1,0.6,2.4,1.8,0.787,0.295,0.393,18.1,53,7.6
Duncan Robinson,80,210,,24, - ,3.3,0,0.3,0.3,1.3,0.667,0.286,0.391,10.7,15,7.6
Edmond Sumner,78,176,Indiana Pacers,23," 449,794 ",2.9,0.2,0.5,0.4,1,0.625,0.259,0.344,9.1,23,7.6
Grayson Allen,77,198,Utah Jazz,23," 2,074,320 ",5.6,0.2,0.2,0.7,0.6,0.75,0.323,0.376,10.9,38,7.5
Patrick McCaw,79,185,Cleveland Cavaliers,23," 323,529 ",2.6,0.1,0.8,1,1.7,0.867,0.321,0.413,13.7,29,7.5
James Nunnally,79,208,Minnesota Timberwolves,28," 655,632 ",2.4,0,0.1,0.5,0.3,1,0.32,0.353,6.8,15,7.3
Jerome Robinson,77,190,Los Angeles Clippers,21," 3,046,200 ",3.4,0.1,0.3,0.6,1.2,0.667,0.316,0.4,9.7,33,7.2
Jose Calderon,75,200,Detroit Pistons,37," 2,393,887 ",2.3,0.1,0.3,2.3,1.2,0.818,0.246,0.375,12.9,49,7.1
Daniel Hamilton,79,195,Atlanta Hawks,23," 1,349,383 ",3,0.1,0.3,1.2,2.5,0.5,0.348,0.383,10.7,19,7.1
Deonte Burton,77,245,,25, - ,2.6,0.3,0.2,0.3,0.9,0.667,0.296,0.402,7.5,32,7
Chris Chiozza,72,176,Houston Rockets,23," 90,005 ",0.9,0.1,0.1,0.6,0.6,,0.4,0.25,4.7,7,7
Isaiah Thomas,69,185,Denver Nuggets,29," 2,029,463 ",8.1,0.1,0.4,1.9,1.1,0.63,0.279,0.343,15.1,12,7
Tyrone Wallace,77,198,Los Angeles Clippers,24," 1,349,383 ",3.5,0.1,0.3,0.7,1.6,0.526,0.211,0.424,10.1,62,7
Bruce Brown,77,202,Detroit Pistons,22," 838,464 ",4.3,0.5,0.5,1.2,2.5,0.75,0.258,0.398,19.6,74,6.9
Solomon Hill,79,225,New Orleans Pelicans,27," 12,252,928 ",4.3,0.2,0.5,1.3,3,0.719,0.317,0.382,20,44,6.8
Isaiah Briscoe,75,215,Orlando Magic,22," 838,464 ",3.5,0.1,0.3,2.2,1.9,0.577,0.324,0.399,14.3,39,6.7
Luc Mbah a Moute,80,230,Los Angeles Clippers,32," 4,320,500 ",5,0.3,0.3,0.5,1.8,0.4,0.333,0.444,15.3,4,6.7
Eric Moreland,82,238,Phoenix Suns,27," 239,035 ",1.4,0.2,0.2,0.8,4,,1,0.429,8.6,5,6.7
Milos Teodosic,77,196,Los Angeles Clippers,31," 6,300,000 ",3.2,0.1,0.2,2.1,1.1,0.571,0.37,0.425,10,15,6.5
Julian Washburn,80,210,,27, - ,2.2,0.1,0.7,0.8,2.3,0.75,0.208,0.333,14.1,18,6.5
Terrance Ferguson,79,190,Oklahoma City Thunder,20," 2,118,840 ",6.9,0.2,0.5,1,1.9,0.725,0.366,0.429,26.1,74,6.4
Chimezie Metu,82,225,San Antonio Spurs,21," 838,464 ",1.8,0.1,0.2,0.4,1.2,0.765,0,0.328,5,29,6.4
Lance Thomas,80,240,New York Knicks,30," 7,119,650 ",4.5,0.2,0.4,0.6,2.5,0.75,0.278,0.396,17,46,6.4
Alex Abrines,78,200,Oklahoma City Thunder,25," 5,455,236 ",5.3,0.2,0.5,0.6,1.5,0.923,0.323,0.357,19,31,6.3
Lorenzo Brown,77,189,Toronto Raptors,28," 800,000 ",2.1,0.2,0.5,1.1,1.2,1,0.214,0.324,8.2,26,6.3
Alize Johnson,81,212,Indiana Pacers,22," 838,464 ",0.9,0.2,0.1,0.1,1.4,0.5,0.5,0.25,4.6,14,6.3
Khyri Thomas,75,210,Detroit Pistons,22," 838,464 ",2.3,0.2,0.3,0.3,0.8,0.636,0.286,0.319,7.5,26,6.2
Treveon Graham,77,225,Brooklyn Nets,25," 1,512,601 ",5.3,0.2,0.4,1,3.1,0.818,0.297,0.335,20.4,35,6.1
Isaac Bonga,80,180,Los Angeles Lakers,19," 1,000,000 ",0.9,0.2,0.4,0.7,1.1,0.6,0,0.152,5.5,22,6
Sviatoslav Mykhailiuk,80,205,Detroit Pistons,21," 1,487,694 ",3.2,0,0.3,0.9,0.9,0.6,0.326,0.329,10.5,42,6
Frank Ntilikina,78,200,New York Knicks,20," 4,155,720 ",5.7,0.3,0.7,2.8,2,0.767,0.287,0.337,21,43,6
Andrew Harrison,78,213,Memphis Grizzlies,24," 200,000 ",3.2,0.1,0.2,1.4,1.2,0.944,0.2,0.302,11,17,5.8
Dzanan Musa,81,208,Brooklyn Nets,19," 1,632,240 ",2.1,0,0.2,0.2,0.6,0,0.1,0.409,4.3,9,5.8
J.P. Macura,77,205,,23, - ,3,0,0,1,1.5,,0,0.333,8.5,2,5.7
Yante Maten,80,240,,22, - ,1,0,0.5,0,1.5,,0,0.25,6.5,2,5.7
Wesley Johnson,79,215,Washington Wizards,31," 6,134,520 ",3.4,0.3,0.4,0.6,1.9,0.684,0.329,0.352,14.1,38,5.5
Daryl Macon,75,185,,23, - ,3.6,0,0.1,0.9,1.5,0.571,0.455,0.37,11.3,8,5.5
Sindarius Thornwell,77,215,Los Angeles Clippers,24," 1,378,242 ",1,0.1,0.2,0.3,0.7,0.735,0.2,0.347,4.9,64,5.2
Tyler Cavanaugh,81,238,,24, - ,0.8,0,0,0.1,0.7,1,0.2,0.3,3.5,11,5
Caleb Swanigan,81,250,Sacramento Kings,21," 1,740,000 ",2,0,0.3,0.5,3,0.667,0.143,0.34,8.5,21,4.7
Dusty Hannahs,75,210,Memphis Grizzlies,25," 47,371 ",4,0,0.5,2.5,0.5,1,0,0.25,13,2,4.5
Haywood Highsmith,79,220,,22, - ,1.8,0,0.2,0.4,1,0,0.2,0.4,8,5,4.5
Angel Delgado,82,245,,24, - ,1.5,0,0.5,0,2,0.5,,0.2,7.5,2,4.3
Vince Edwards,80,225,,22, - ,1.5,0,0,0,1,,0.25,0.25,8,2,3.8
Jimmer Fredette,74,195,Phoenix Suns,29," 198,580 ",3.7,0,0.5,1.3,1.2,1,0,0.276,10.8,6,3.6
Udonis Haslem,80,235,Miami Heat,38," 2,393,887 ",2.5,0,0,0.2,2.7,0.75,0,0.333,7.4,10,3.6
Gary Trent Jr.,78,205,Portland Trail Blazers,20," 838,464 ",2.7,0.1,0.1,0.3,0.7,0.429,0.238,0.32,7.4,15,3.6
Jacob Evans,78,210,Golden State Warriors,21," 1,644,240 ",1.3,0.1,0.2,0.8,0.8,0,0.267,0.34,6.8,30,3.5
Isaac Humphries,84,255,Atlanta Hawks,21," 47,371 ",3,0,0.2,0,2.2,,0.273,0.286,11.2,5,3.4
Yuta Watanabe,81,205,,24, - ,2.6,0.1,0.3,0.5,2.1,0.7,0.125,0.294,11.6,15,3.3
Quincy Acy,79,240,Phoenix Suns,28," 213,949 ",1.7,0.4,0.1,0.8,2.5,0.7,0.133,0.222,12.3,10,2.9
Deng Adel,79,200,,21, - ,1.7,0.2,0.1,0.3,1,1,0.261,0.306,10.2,19,2.7
Ron Baker,76,220,New York Knicks,25," 4,544,400 ",0.9,0.1,0.4,1,0.7,0.833,0.077,0.2,10.1,15,2.5
Nick Young,79,210,Denver Nuggets,33," 311,070 ",2.3,0.3,0,0.5,0.3,,0.375,0.333,9.3,4,2.3
Naz Mitrou-Long,76,218,,25, - ,1.1,0.1,0.1,1.1,0.4,1,0.182,0.3,6,14,2.2
Dairis Bertans,76,200,New Orleans Pelicans,29," 194,220 ",2.8,0,0.1,0.8,0.8,,0.294,0.255,13.9,12,2
Joe Chealey,75,190,,23, - ,2,0,0,1,0,,,0.333,8,1,2
George King,78,225,,25, - ,0,0,0,0,1,,,,6,1,1.9
Wade Baldwin,76,200,Indiana Pacers,22," 1,544,951 ",1.9,0.1,0.1,0.8,0.9,0.727,0.222,0.303,5.9,16,1.3
Melvin Frazier,78,200,Orlando Magic,22," 1,050,000 ",1.5,0,0.1,0.1,0.5,0.25,0,0.333,4.4,10,1.2
Malachi Richardson,78,205,Philadelphia 76ers,23," 1,569,360 ",1.4,0,0,0,0.6,0.8,0.32,0.31,4.7,22,0.9
Jared Terrell,75,227,,23, - ,2.2,0.1,0.2,0.9,0.4,0.5,0.235,0.308,7.9,14,0.7
Jawun Evans,72,185,Los Angeles Clippers,22," 1,378,242 ",0.8,0,0.4,1.3,1.5,,0,0.214,8.1,8,0.1
Kobi Simmons,77,166,Cleveland Cavaliers,21," 76,236 ",0,0,0,0,0,,,,2,1,0
Donatas Motiejunas,84,222,San Antonio Spurs,28," 59,820 ",2,0.3,0,0.3,1,0,,0.5,4.3,3,-0.5
Kostas Antetokounmpo,82,200,,21, - ,1,0,1,0,0.5,0.5,,0,5.5,2,-0.9
Okaro White,80,205,Washington Wizards,26," 264,919 ",0,0,0,0,0.7,,0,0,2,3,-4.5
Ike Anigbogu,82,250,Indiana Pacers,20," 1,378,242 ",0,0.3,0,0.3,1,,,0,2,3,-6
Andre Ingram,75,190,Los Angeles Lakers,33," 76,236 ",0,0,0.3,0,0.5,,0,0,3.8,4,-11.9
Terrence Jones,81,252,Houston Rockets,27," 198,580 ",1,0,0,0,2,0,0,0.25,2.5,2,-15.8
Donte Grantham,80,215,,23, - ,0,0,0,0,0,,0,0,0.7,3,-38.1
